Label,External ID
"{""point1"":[{""geometry"":{""x"": 135,""y"":2}}],""point2"":[{""geometry"":{""x"": 249,""y"":243}}]}",lines_0
"{""point1"":[{""geometry"":{""x"": 54,""y"":1}}],""point2"":[{""geometry"":{""x"": 168,""y"":249}}]}",lines_1
"{""point1"":[{""geometry"":{""x"": 177,""y"":250}}],""point2"":[{""geometry"":{""x"": 61,""y"":2}}]}",lines_2
"{""point1"":[{""geometry"":{""x"": 169,""y"":1}}],""point2"":[{""geometry"":{""x"": 249,""y"":176}}]}",lines_3
"{""point1"":[{""geometry"":{""x"": 87,""y"":1}}],""point2"":[{""geometry"":{""x"": 198,""y"":250}}]}",lines_4
"{""point1"":[{""geometry"":{""x"": 173,""y"":249}}],""point2"":[{""geometry"":{""x"": 58,""y"":1}}]}",lines_5
"{""point1"":[{""geometry"":{""x"": 250,""y"":121}}],""point2"":[{""geometry"":{""x"": 194,""y"":1}}]}",lines_6
"{""point1"":[{""geometry"":{""x"": 250,""y"":190}}],""point2"":[{""geometry"":{""x"": 166,""y"":1}}]}",lines_7
"{""point1"":[{""geometry"":{""x"": 192,""y"":249}}],""point2"":[{""geometry"":{""x"": 73,""y"":2}}]}",lines_8
"{""point1"":[{""geometry"":{""x"": 124,""y"":250}}],""point2"":[{""geometry"":{""x"": 9,""y"":2}}]}",lines_9
"{""point1"":[{""geometry"":{""x"": 157,""y"":0}}],""point2"":[{""geometry"":{""x"": 250,""y"":205}}]}",lines_10
"{""point1"":[{""geometry"":{""x"": 127,""y"":1}}],""point2"":[{""geometry"":{""x"": 243,""y"":248}}]}",lines_11
"{""point1"":[{""geometry"":{""x"": 110,""y"":0}}],""point2"":[{""geometry"":{""x"": 225,""y"":248}}]}",lines_12
"{""point1"":[{""geometry"":{""x"": 250,""y"":114}}],""point2"":[{""geometry"":{""x"": 198,""y"":2}}]}",lines_13
"{""point1"":[{""geometry"":{""x"": 46,""y"":1}}],""point2"":[{""geometry"":{""x"": 162,""y"":250}}]}",lines_14
"{""point1"":[{""geometry"":{""x"": 81,""y"":1}}],""point2"":[{""geometry"":{""x"": 198,""y"":249}}]}",lines_15
"{""point1"":[{""geometry"":{""x"": 248,""y"":223}}],""point2"":[{""geometry"":{""x"": 145,""y"":2}}]}",lines_16
"{""point1"":[{""geometry"":{""x"": 250,""y"":243}}],""point2"":[{""geometry"":{""x"": 138,""y"":1}}]}",lines_17
"{""point1"":[{""geometry"":{""x"": 1,""y"":97}}],""point2"":[{""geometry"":{""x"": 73,""y"":248}}]}",lines_18
"{""point1"":[{""geometry"":{""x"": 145,""y"":2}}],""point2"":[{""geometry"":{""x"": 249,""y"":232}}]}",lines_19
"{""point1"":[{""geometry"":{""x"": 67,""y"":1}}],""point2"":[{""geometry"":{""x"": 181,""y"":249}}]}",lines_20
"{""point1"":[{""geometry"":{""x"": 147,""y"":0}}],""point2"":[{""geometry"":{""x"": 250,""y"":218}}]}",lines_21
"{""point1"":[{""geometry"":{""x"": 250,""y"":151}}],""point2"":[{""geometry"":{""x"": 181,""y"":2}}]}",lines_22
"{""point1"":[{""geometry"":{""x"": 0,""y"":48}}],""point2"":[{""geometry"":{""x"": 98,""y"":250}}]}",lines_23
"{""point1"":[{""geometry"":{""x"": 25,""y"":0}}],""point2"":[{""geometry"":{""x"": 140,""y"":249}}]}",lines_24
"{""point1"":[{""geometry"":{""x"": 249,""y"":183}}],""point2"":[{""geometry"":{""x"": 164,""y"":1}}]}",lines_25
"{""point1"":[{""geometry"":{""x"": 0,""y"":40}}],""point2"":[{""geometry"":{""x"": 96,""y"":250}}]}",lines_26
"{""point1"":[{""geometry"":{""x"": 32,""y"":1}}],""point2"":[{""geometry"":{""x"": 148,""y"":249}}]}",lines_27
"{""point1"":[{""geometry"":{""x"": 132,""y"":249}}],""point2"":[{""geometry"":{""x"": 17,""y"":1}}]}",lines_28
"{""point1"":[{""geometry"":{""x"": 124,""y"":0}}],""point2"":[{""geometry"":{""x"": 238,""y"":249}}]}",lines_29
"{""point1"":[{""geometry"":{""x"": 249,""y"":218}}],""point2"":[{""geometry"":{""x"": 150,""y"":1}}]}",lines_30
"{""point1"":[{""geometry"":{""x"": 202,""y"":2}}],""point2"":[{""geometry"":{""x"": 249,""y"":102}}]}",lines_31
"{""point1"":[{""geometry"":{""x"": 87,""y"":250}}],""point2"":[{""geometry"":{""x"": 1,""y"":63}}]}",lines_32
"{""point1"":[{""geometry"":{""x"": 224,""y"":250}}],""point2"":[{""geometry"":{""x"": 111,""y"":2}}]}",lines_33
"{""point1"":[{""geometry"":{""x"": 211,""y"":249}}],""point2"":[{""geometry"":{""x"": 95,""y"":1}}]}",lines_34
"{""point1"":[{""geometry"":{""x"": 152,""y"":249}}],""point2"":[{""geometry"":{""x"": 37,""y"":3}}]}",lines_35
"{""point1"":[{""geometry"":{""x"": 2,""y"":66}}],""point2"":[{""geometry"":{""x"": 79,""y"":249}}]}",lines_37
"{""point1"":[{""geometry"":{""x"": 225,""y"":250}}],""point2"":[{""geometry"":{""x"": 110,""y"":1}}]}",lines_38
"{""point1"":[{""geometry"":{""x"": 181,""y"":250}}],""point2"":[{""geometry"":{""x"": 65,""y"":2}}]}",lines_39
"{""point1"":[{""geometry"":{""x"": 146,""y"":2}}],""point2"":[{""geometry"":{""x"": 250,""y"":224}}]}",lines_40
"{""point1"":[{""geometry"":{""x"": 37,""y"":1}}],""point2"":[{""geometry"":{""x"": 153,""y"":249}}]}",lines_41
"{""point1"":[{""geometry"":{""x"": 250,""y"":200}}],""point2"":[{""geometry"":{""x"": 158,""y"":2}}]}",lines_42
"{""point1"":[{""geometry"":{""x"": 250,""y"":129}}],""point2"":[{""geometry"":{""x"": 191,""y"":1}}]}",lines_43
"{""point1"":[{""geometry"":{""x"": 182,""y"":1}}],""point2"":[{""geometry"":{""x"": 250,""y"":148}}]}",lines_44
"{""point1"":[{""geometry"":{""x"": 0,""y"":66}}],""point2"":[{""geometry"":{""x"": 84,""y"":249}}]}",lines_46
"{""point1"":[{""geometry"":{""x"": 149,""y"":2}}],""point2"":[{""geometry"":{""x"": 250,""y"":218}}]}",lines_47
"{""point1"":[{""geometry"":{""x"": 49,""y"":2}}],""point2"":[{""geometry"":{""x"": 162,""y"":249}}]}",lines_48
"{""point1"":[{""geometry"":{""x"": 218,""y"":2}}],""point2"":[{""geometry"":{""x"": 249,""y"":71}}]}",lines_49
"{""point1"":[{""geometry"":{""x"": 1,""y"":69}}],""point2"":[{""geometry"":{""x"": 86,""y"":249}}]}",lines_50
"{""point1"":[{""geometry"":{""x"": 240,""y"":1}}],""point2"":[{""geometry"":{""x"": 250,""y"":23}}]}",lines_51
"{""point1"":[{""geometry"":{""x"": 9,""y"":1}}],""point2"":[{""geometry"":{""x"": 127,""y"":249}}]}",lines_52
"{""point1"":[{""geometry"":{""x"": 235,""y"":249}}],""point2"":[{""geometry"":{""x"": 122,""y"":2}}]}",lines_53
"{""point1"":[{""geometry"":{""x"": 59,""y"":0}}],""point2"":[{""geometry"":{""x"": 177,""y"":250}}]}",lines_54
"{""point1"":[{""geometry"":{""x"": 184,""y"":2}}],""point2"":[{""geometry"":{""x"": 249,""y"":166}}]}",lines_55
"{""point1"":[{""geometry"":{""x"": 185,""y"":249}}],""point2"":[{""geometry"":{""x"": 73,""y"":1}}]}",lines_56
"{""point1"":[{""geometry"":{""x"": 166,""y"":0}}],""point2"":[{""geometry"":{""x"": 250,""y"":182}}]}",lines_57
"{""point1"":[{""geometry"":{""x"": 28,""y"":1}}],""point2"":[{""geometry"":{""x"": 141,""y"":249}}]}",lines_58
"{""point1"":[{""geometry"":{""x"": 249,""y"":108}}],""point2"":[{""geometry"":{""x"": 199,""y"":2}}]}",lines_59
"{""point1"":[{""geometry"":{""x"": 249,""y"":241}}],""point2"":[{""geometry"":{""x"": 138,""y"":1}}]}",lines_60
"{""point1"":[{""geometry"":{""x"": 53,""y"":0}}],""point2"":[{""geometry"":{""x"": 169,""y"":249}}]}",lines_61
"{""point1"":[{""geometry"":{""x"": 192,""y"":2}}],""point2"":[{""geometry"":{""x"": 249,""y"":123}}]}",lines_62
"{""point1"":[{""geometry"":{""x"": 122,""y"":1}}],""point2"":[{""geometry"":{""x"": 236,""y"":249}}]}",lines_63
"{""point1"":[{""geometry"":{""x"": 205,""y"":249}}],""point2"":[{""geometry"":{""x"": 94,""y"":2}}]}",lines_64
"{""point1"":[{""geometry"":{""x"": 250,""y"":89}}],""point2"":[{""geometry"":{""x"": 207,""y"":0}}]}",lines_65
"{""point1"":[{""geometry"":{""x"": 145,""y"":248}}],""point2"":[{""geometry"":{""x"": 34,""y"":5}}]}",lines_66
"{""point1"":[{""geometry"":{""x"": 187,""y"":249}}],""point2"":[{""geometry"":{""x"": 76,""y"":2}}]}",lines_67
"{""point1"":[{""geometry"":{""x"": 219,""y"":250}}],""point2"":[{""geometry"":{""x"": 104,""y"":2}}]}",lines_68
"{""point1"":[{""geometry"":{""x"": 159,""y"":248}}],""point2"":[{""geometry"":{""x"": 48,""y"":1}}]}",lines_69
"{""point1"":[{""geometry"":{""x"": 227,""y"":249}}],""point2"":[{""geometry"":{""x"": 114,""y"":1}}]}",lines_70
"{""point1"":[{""geometry"":{""x"": 250,""y"":182}}],""point2"":[{""geometry"":{""x"": 169,""y"":2}}]}",lines_71
"{""point1"":[{""geometry"":{""x"": 186,""y"":2}}],""point2"":[{""geometry"":{""x"": 249,""y"":132}}]}",lines_72
"{""point1"":[{""geometry"":{""x"": 132,""y"":2}}],""point2"":[{""geometry"":{""x"": 247,""y"":248}}]}",lines_73
"{""point1"":[{""geometry"":{""x"": 200,""y"":249}}],""point2"":[{""geometry"":{""x"": 86,""y"":1}}]}",lines_74
"{""point1"":[{""geometry"":{""x"": 1,""y"":23}}],""point2"":[{""geometry"":{""x"": 105,""y"":249}}]}",lines_75
"{""point1"":[{""geometry"":{""x"": 249,""y"":202}}],""point2"":[{""geometry"":{""x"": 155,""y"":0}}]}",lines_76
"{""point1"":[{""geometry"":{""x"": 176,""y"":0}}],""point2"":[{""geometry"":{""x"": 250,""y"":162}}]}",lines_77
"{""point1"":[{""geometry"":{""x"": 186,""y"":0}}],""point2"":[{""geometry"":{""x"": 250,""y"":138}}]}",lines_78
"{""point1"":[{""geometry"":{""x"": 160,""y"":2}}],""point2"":[{""geometry"":{""x"": 249,""y"":193}}]}",lines_79
"{""point1"":[{""geometry"":{""x"": 102,""y"":248}}],""point2"":[{""geometry"":{""x"": 203,""y"":1}}]}",lines_82
"{""point1"":[{""geometry"":{""x"": 102,""y"":249}}],""point2"":[{""geometry"":{""x"": 202,""y"":1}}]}",lines_83
"{""point1"":[{""geometry"":{""x"": 20,""y"":249}}],""point2"":[{""geometry"":{""x"": 116,""y"":1}}]}",lines_84
"{""point1"":[{""geometry"":{""x"": 140,""y"":248}}],""point2"":[{""geometry"":{""x"": 234,""y"":1}}]}",lines_85
"{""point1"":[{""geometry"":{""x"": 135,""y"":250}}],""point2"":[{""geometry"":{""x"": 237,""y"":1}}]}",lines_86
"{""point1"":[{""geometry"":{""x"": 62,""y"":249}}],""point2"":[{""geometry"":{""x"": 162,""y"":2}}]}",lines_87
"{""point1"":[{""geometry"":{""x"": 21,""y"":248}}],""point2"":[{""geometry"":{""x"": 119,""y"":0}}]}",lines_88
"{""point1"":[{""geometry"":{""x"": 147,""y"":250}}],""point2"":[{""geometry"":{""x"": 245,""y"":1}}]}",lines_89
"{""point1"":[{""geometry"":{""x"": 102,""y"":249}}],""point2"":[{""geometry"":{""x"": 199,""y"":1}}]}",lines_90
"{""point1"":[{""geometry"":{""x"": 8,""y"":249}}],""point2"":[{""geometry"":{""x"": 105,""y"":1}}]}",lines_91
"{""point1"":[{""geometry"":{""x"": 1,""y"":27}}],""point2"":[{""geometry"":{""x"": 11,""y"":0}}]}",lines_92
"{""point1"":[{""geometry"":{""x"": 43,""y"":249}}],""point2"":[{""geometry"":{""x"": 139,""y"":2}}]}",lines_93
"{""point1"":[{""geometry"":{""x"": 105,""y"":250}}],""point2"":[{""geometry"":{""x"": 199,""y"":2}}]}",lines_94
"{""point1"":[{""geometry"":{""x"": 51,""y"":248}}],""point2"":[{""geometry"":{""x"": 150,""y"":1}}]}",lines_95
"{""point1"":[{""geometry"":{""x"": 140,""y"":248}}],""point2"":[{""geometry"":{""x"": 236,""y"":2}}]}",lines_96
"{""point1"":[{""geometry"":{""x"": 1,""y"":179}}],""point2"":[{""geometry"":{""x"": 70,""y"":2}}]}",lines_97
"{""point1"":[{""geometry"":{""x"": 1,""y"":233}}],""point2"":[{""geometry"":{""x"": 91,""y"":2}}]}",lines_98
"{""point1"":[{""geometry"":{""x"": 97,""y"":249}}],""point2"":[{""geometry"":{""x"": 198,""y"":0}}]}",lines_99
"{""point1"":[{""geometry"":{""x"": 1,""y"":173}}],""point2"":[{""geometry"":{""x"": 66,""y"":11}}]}",lines_100
"{""point1"":[{""geometry"":{""x"": 1,""y"":182}}],""point2"":[{""geometry"":{""x"": 72,""y"":1}}]}",lines_103
"{""point1"":[{""geometry"":{""x"": 9,""y"":248}}],""point2"":[{""geometry"":{""x"": 106,""y"":1}}]}",lines_104
"{""point1"":[{""geometry"":{""x"": 180,""y"":249}}],""point2"":[{""geometry"":{""x"": 249,""y"":70}}]}",lines_105
"{""point1"":[{""geometry"":{""x"": 114,""y"":248}}],""point2"":[{""geometry"":{""x"": 211,""y"":1}}]}",lines_106
"{""point1"":[{""geometry"":{""x"": 0,""y"":190}}],""point2"":[{""geometry"":{""x"": 75,""y"":2}}]}",lines_107
"{""point1"":[{""geometry"":{""x"": 68,""y"":250}}],""point2"":[{""geometry"":{""x"": 166,""y"":0}}]}",lines_108
"{""point1"":[{""geometry"":{""x"": 171,""y"":249}}],""point2"":[{""geometry"":{""x"": 249,""y"":48}}]}",lines_109
"{""point1"":[{""geometry"":{""x"": 114,""y"":249}}],""point2"":[{""geometry"":{""x"": 215,""y"":2}}]}",lines_110
"{""point1"":[{""geometry"":{""x"": 60,""y"":249}}],""point2"":[{""geometry"":{""x"": 148,""y"":1}}]}",lines_111
"{""point1"":[{""geometry"":{""x"": 122,""y"":250}}],""point2"":[{""geometry"":{""x"": 218,""y"":1}}]}",lines_112
"{""point1"":[{""geometry"":{""x"": 0,""y"":16}}],""point2"":[{""geometry"":{""x"": 7,""y"":0}}]}",lines_113
"{""point1"":[{""geometry"":{""x"": 0,""y"":199}}],""point2"":[{""geometry"":{""x"": 78,""y"":1}}]}",lines_114
"{""point1"":[{""geometry"":{""x"": 120,""y"":249}}],""point2"":[{""geometry"":{""x"": 227,""y"":2}}]}",lines_115
"{""point1"":[{""geometry"":{""x"": 4,""y"":94}}],""point2"":[{""geometry"":{""x"": 40,""y"":1}}]}",lines_116
"{""point1"":[{""geometry"":{""x"": 4,""y"":249}}],""point2"":[{""geometry"":{""x"": 100,""y"":1}}]}",lines_117
"{""point1"":[{""geometry"":{""x"": 28,""y"":249}}],""point2"":[{""geometry"":{""x"": 125,""y"":0}}]}",lines_118
"{""point1"":[{""geometry"":{""x"": 48,""y"":249}}],""point2"":[{""geometry"":{""x"": 146,""y"":1}}]}",lines_119
"{""point1"":[{""geometry"":{""x"": 15,""y"":249}}],""point2"":[{""geometry"":{""x"": 118,""y"":1}}]}",lines_120
"{""point1"":[{""geometry"":{""x"": 117,""y"":249}}],""point2"":[{""geometry"":{""x"": 217,""y"":2}}]}",lines_121
"{""point1"":[{""geometry"":{""x"": 3,""y"":249}}],""point2"":[{""geometry"":{""x"": 101,""y"":2}}]}",lines_122
"{""point1"":[{""geometry"":{""x"": 230,""y"":2}}],""point2"":[{""geometry"":{""x"": 132,""y"":249}}]}",lines_123
"{""point1"":[{""geometry"":{""x"": 129,""y"":248}}],""point2"":[{""geometry"":{""x"": 228,""y"":1}}]}",lines_124
"{""point1"":[{""geometry"":{""x"": 2,""y"":249}}],""point2"":[{""geometry"":{""x"": 104,""y"":1}}]}",lines_125
"{""point1"":[{""geometry"":{""x"": 91,""y"":249}}],""point2"":[{""geometry"":{""x"": 191,""y"":2}}]}",lines_126
"{""point1"":[{""geometry"":{""x"": 110,""y"":249}}],""point2"":[{""geometry"":{""x"": 203,""y"":2}}]}",lines_127
"{""point1"":[{""geometry"":{""x"": 20,""y"":249}}],""point2"":[{""geometry"":{""x"": 116,""y"":0}}]}",lines_128
"{""point1"":[{""geometry"":{""x"": 2,""y"":248}}],""point2"":[{""geometry"":{""x"": 99,""y"":2}}]}",lines_129
"{""point1"":[{""geometry"":{""x"": 163,""y"":248}}],""point2"":[{""geometry"":{""x"": 250,""y"":30}}]}",lines_130
"{""point1"":[{""geometry"":{""x"": 34,""y"":250}}],""point2"":[{""geometry"":{""x"": 134,""y"":2}}]}",lines_131
"{""point1"":[{""geometry"":{""x"": 102,""y"":249}}],""point2"":[{""geometry"":{""x"": 202,""y"":2}}]}",lines_132
"{""point1"":[{""geometry"":{""x"": 53,""y"":248}}],""point2"":[{""geometry"":{""x"": 153,""y"":2}}]}",lines_133
"{""point1"":[{""geometry"":{""x"": 0,""y"":100}}],""point2"":[{""geometry"":{""x"": 40,""y"":1}}]}",lines_134
"{""point1"":[{""geometry"":{""x"": 72,""y"":249}}],""point2"":[{""geometry"":{""x"": 169,""y"":2}}]}",lines_135
"{""point1"":[{""geometry"":{""x"": 88,""y"":250}}],""point2"":[{""geometry"":{""x"": 188,""y"":0}}]}",lines_136
"{""point1"":[{""geometry"":{""x"": 97,""y"":249}}],""point2"":[{""geometry"":{""x"": 197,""y"":2}}]}",lines_137
"{""point1"":[{""geometry"":{""x"": 14,""y"":249}}],""point2"":[{""geometry"":{""x"": 110,""y"":2}}]}",lines_138
"{""point1"":[{""geometry"":{""x"": 1,""y"":115}}],""point2"":[{""geometry"":{""x"": 45,""y"":0}}]}",lines_139
"{""point1"":[{""geometry"":{""x"": 0,""y"":86}}],""point2"":[{""geometry"":{""x"": 35,""y"":0}}]}",lines_140
"{""point1"":[{""geometry"":{""x"": 85,""y"":248}}],""point2"":[{""geometry"":{""x"": 179,""y"":2}}]}",lines_141
"{""point1"":[{""geometry"":{""x"": 0,""y"":203}}],""point2"":[{""geometry"":{""x"": 78,""y"":0}}]}",lines_142
"{""point1"":[{""geometry"":{""x"": 0,""y"":52}}],""point2"":[{""geometry"":{""x"": 20,""y"":2}}]}",lines_143
"{""point1"":[{""geometry"":{""x"": 0,""y"":238}}],""point2"":[{""geometry"":{""x"": 94,""y"":0}}]}",lines_144
"{""point1"":[{""geometry"":{""x"": 115,""y"":249}}],""point2"":[{""geometry"":{""x"": 216,""y"":1}}]}",lines_145
"{""point1"":[{""geometry"":{""x"": 166,""y"":249}}],""point2"":[{""geometry"":{""x"": 250,""y"":47}}]}",lines_146
"{""point1"":[{""geometry"":{""x"": 5,""y"":249}}],""point2"":[{""geometry"":{""x"": 103,""y"":2}}]}",lines_147
"{""point1"":[{""geometry"":{""x"": 129,""y"":248}}],""point2"":[{""geometry"":{""x"": 227,""y"":0}}]}",lines_148
"{""point1"":[{""geometry"":{""x"": 1,""y"":124}}],""point2"":[{""geometry"":{""x"": 51,""y"":1}}]}",lines_149
"{""point1"":[{""geometry"":{""x"": 50,""y"":249}}],""point2"":[{""geometry"":{""x"": 147,""y"":2}}]}",lines_150
"{""point1"":[{""geometry"":{""x"": 195,""y"":2}}],""point2"":[{""geometry"":{""x"": 97,""y"":248}}]}",lines_151
"{""point1"":[{""geometry"":{""x"": 24,""y"":249}}],""point2"":[{""geometry"":{""x"": 122,""y"":1}}]}",lines_152
"{""point1"":[{""geometry"":{""x"": 1,""y"":230}}],""point2"":[{""geometry"":{""x"": 90,""y"":1}}]}",lines_153
"{""point1"":[{""geometry"":{""x"": 109,""y"":249}}],""point2"":[{""geometry"":{""x"": 208,""y"":2}}]}",lines_154
"{""point1"":[{""geometry"":{""x"": 55,""y"":249}}],""point2"":[{""geometry"":{""x"": 153,""y"":1}}]}",lines_155
"{""point1"":[{""geometry"":{""x"": 36,""y"":249}}],""point2"":[{""geometry"":{""x"": 136,""y"":2}}]}",lines_156
"{""point1"":[{""geometry"":{""x"": 10,""y"":247}}],""point2"":[{""geometry"":{""x"": 109,""y"":1}}]}",lines_157
"{""point1"":[{""geometry"":{""x"": 63,""y"":249}}],""point2"":[{""geometry"":{""x"": 167,""y"":0}}]}",lines_158
"{""point1"":[{""geometry"":{""x"": 86,""y"":249}}],""point2"":[{""geometry"":{""x"": 186,""y"":2}}]}",lines_159
"{""point1"":[{""geometry"":{""x"": 137,""y"":248}}],""point2"":[{""geometry"":{""x"": 234,""y"":0}}]}",lines_160
"{""point1"":[{""geometry"":{""x"": 1,""y"":149}}],""point2"":[{""geometry"":{""x"": 59,""y"":0}}]}",lines_161
"{""point1"":[{""geometry"":{""x"": 2,""y"":166}}],""point2"":[{""geometry"":{""x"": 68,""y"":2}}]}",lines_162
"{""point1"":[{""geometry"":{""x"": 54,""y"":250}}],""point2"":[{""geometry"":{""x"": 148,""y"":0}}]}",lines_163
"{""point1"":[{""geometry"":{""x"": 75,""y"":250}}],""point2"":[{""geometry"":{""x"": 173,""y"":2}}]}",lines_164
"{""point1"":[{""geometry"":{""x"": 97,""y"":249}}],""point2"":[{""geometry"":{""x"": 193,""y"":1}}]}",lines_166
"{""point1"":[{""geometry"":{""x"": 58,""y"":250}}],""point2"":[{""geometry"":{""x"": 158,""y"":2}}]}",lines_167
"{""point1"":[{""geometry"":{""x"": 90,""y"":249}}],""point2"":[{""geometry"":{""x"": 188,""y"":2}}]}",lines_168
"{""point1"":[{""geometry"":{""x"": 134,""y"":249}}],""point2"":[{""geometry"":{""x"": 232,""y"":1}}]}",lines_169
"{""point1"":[{""geometry"":{""x"": 173,""y"":250}}],""point2"":[{""geometry"":{""x"": 249,""y"":54}}]}",lines_170
"{""point1"":[{""geometry"":{""x"": 167,""y"":249}}],""point2"":[{""geometry"":{""x"": 250,""y"":35}}]}",lines_171
"{""point1"":[{""geometry"":{""x"": 73,""y"":249}}],""point2"":[{""geometry"":{""x"": 170,""y"":1}}]}",lines_172
"{""point1"":[{""geometry"":{""x"": 1,""y"":195}}],""point2"":[{""geometry"":{""x"": 77,""y"":0}}]}",lines_173
"{""point1"":[{""geometry"":{""x"": 147,""y"":249}}],""point2"":[{""geometry"":{""x"": 248,""y"":1}}]}",lines_174
"{""point1"":[{""geometry"":{""x"": 34,""y"":249}}],""point2"":[{""geometry"":{""x"": 132,""y"":1}}]}",lines_175
"{""point1"":[{""geometry"":{""x"": 2,""y"":219}}],""point2"":[{""geometry"":{""x"": 89,""y"":2}}]}",lines_176
"{""point1"":[{""geometry"":{""x"": 142,""y"":250}}],""point2"":[{""geometry"":{""x"": 242,""y"":1}}]}",lines_177
"{""point1"":[{""geometry"":{""x"": 5,""y"":249}}],""point2"":[{""geometry"":{""x"": 105,""y"":0}}]}",lines_178
"{""point1"":[{""geometry"":{""x"": 1,""y"":222}}],""point2"":[{""geometry"":{""x"": 87,""y"":3}}]}",lines_179
"{""point1"":[{""geometry"":{""x"": 77,""y"":249}}],""point2"":[{""geometry"":{""x"": 175,""y"":1}}]}",lines_180
"{""point1"":[{""geometry"":{""x"": 62,""y"":249}}],""point2"":[{""geometry"":{""x"": 160,""y"":1}}]}",lines_181
"{""point1"":[{""geometry"":{""x"": 2,""y"":212}}],""point2"":[{""geometry"":{""x"": 247,""y"":197}}]}",lines_182
"{""point1"":[{""geometry"":{""x"": 1,""y"":93}}],""point2"":[{""geometry"":{""x"": 249,""y"":83}}]}",lines_184
"{""point1"":[{""geometry"":{""x"": 0,""y"":200}}],""point2"":[{""geometry"":{""x"": 249,""y"":191}}]}",lines_185
"{""point1"":[{""geometry"":{""x"": 2,""y"":196}}],""point2"":[{""geometry"":{""x"": 248,""y"":184}}]}",lines_186
"{""point1"":[{""geometry"":{""x"": 0,""y"":22}}],""point2"":[{""geometry"":{""x"": 249,""y"":9}}]}",lines_187
"{""point1"":[{""geometry"":{""x"": 0,""y"":11}}],""point2"":[{""geometry"":{""x"": 211,""y"":0}}]}",lines_188
"{""point1"":[{""geometry"":{""x"": 2,""y"":41}}],""point2"":[{""geometry"":{""x"": 248,""y"":29}}]}",lines_189
"{""point1"":[{""geometry"":{""x"": 2,""y"":153}}],""point2"":[{""geometry"":{""x"": 249,""y"":138}}]}",lines_190
"{""point1"":[{""geometry"":{""x"": 1,""y"":157}}],""point2"":[{""geometry"":{""x"": 249,""y"":145}}]}",lines_191
"{""point1"":[{""geometry"":{""x"": 2,""y"":132}}],""point2"":[{""geometry"":{""x"": 250,""y"":123}}]}",lines_192
"{""point1"":[{""geometry"":{""x"": 1,""y"":50}}],""point2"":[{""geometry"":{""x"": 250,""y"":38}}]}",lines_193
"{""point1"":[{""geometry"":{""x"": 1,""y"":172}}],""point2"":[{""geometry"":{""x"": 249,""y"":159}}]}",lines_194
"{""point1"":[{""geometry"":{""x"": 2,""y"":178}}],""point2"":[{""geometry"":{""x"": 250,""y"":167}}]}",lines_195
"{""point1"":[{""geometry"":{""x"": 2,""y"":156}}],""point2"":[{""geometry"":{""x"": 250,""y"":147}}]}",lines_196
"{""point1"":[{""geometry"":{""x"": 2,""y"":128}}],""point2"":[{""geometry"":{""x"": 249,""y"":118}}]}",lines_198
"{""point1"":[{""geometry"":{""x"": 1,""y"":60}}],""point2"":[{""geometry"":{""x"": 249,""y"":52}}]}",lines_199
"{""point1"":[{""geometry"":{""x"": 0,""y"":141}}],""point2"":[{""geometry"":{""x"": 249,""y"":134}}]}",lines_200
"{""point1"":[{""geometry"":{""x"": 1,""y"":21}}],""point2"":[{""geometry"":{""x"": 248,""y"":15}}]}",lines_201
"{""point1"":[{""geometry"":{""x"": 1,""y"":141}}],""point2"":[{""geometry"":{""x"": 249,""y"":129}}]}",lines_202
"{""point1"":[{""geometry"":{""x"": 0,""y"":158}}],""point2"":[{""geometry"":{""x"": 205,""y"":158}}]}",lines_203
"{""point1"":[{""geometry"":{""x"": 0,""y"":75}}],""point2"":[{""geometry"":{""x"": 175,""y"":69}}]}",lines_204
"{""point1"":[{""geometry"":{""x"": 1,""y"":27}}],""point2"":[{""geometry"":{""x"": 248,""y"":8}}]}",lines_205
"{""point1"":[{""geometry"":{""x"": 1,""y"":219}}],""point2"":[{""geometry"":{""x"": 249,""y"":200}}]}",lines_206
"{""point1"":[{""geometry"":{""x"": 1,""y"":97}}],""point2"":[{""geometry"":{""x"": 249,""y"":85}}]}",lines_207
"{""point1"":[{""geometry"":{""x"": 0,""y"":132}}],""point2"":[{""geometry"":{""x"": 250,""y"":121}}]}",lines_208
"{""point1"":[{""geometry"":{""x"": 1,""y"":44}}],""point2"":[{""geometry"":{""x"": 250,""y"":30}}]}",lines_209
"{""point1"":[{""geometry"":{""x"": 2,""y"":9}}],""point2"":[{""geometry"":{""x"": 249,""y"":0}}]}",lines_210
"{""point1"":[{""geometry"":{""x"": 1,""y"":73}}],""point2"":[{""geometry"":{""x"": 249,""y"":56}}]}",lines_211
"{""point1"":[{""geometry"":{""x"": 0,""y"":89}}],""point2"":[{""geometry"":{""x"": 249,""y"":83}}]}",lines_212
"{""point1"":[{""geometry"":{""x"": 0,""y"":146}}],""point2"":[{""geometry"":{""x"": 249,""y"":141}}]}",lines_213
"{""point1"":[{""geometry"":{""x"": 1,""y"":53}}],""point2"":[{""geometry"":{""x"": 249,""y"":47}}]}",lines_214
"{""point1"":[{""geometry"":{""x"": 0,""y"":98}}],""point2"":[{""geometry"":{""x"": 249,""y"":84}}]}",lines_215
"{""point1"":[{""geometry"":{""x"": 1,""y"":120}}],""point2"":[{""geometry"":{""x"": 249,""y"":109}}]}",lines_217
"{""point1"":[{""geometry"":{""x"": 0,""y"":35}}],""point2"":[{""geometry"":{""x"": 249,""y"":25}}]}",lines_218
"{""point1"":[{""geometry"":{""x"": 2,""y"":133}}],""point2"":[{""geometry"":{""x"": 249,""y"":123}}]}",lines_219
"{""point1"":[{""geometry"":{""x"": 1,""y"":119}}],""point2"":[{""geometry"":{""x"": 250,""y"":85}}]}",lines_220
"{""point1"":[{""geometry"":{""x"": 0,""y"":75}}],""point2"":[{""geometry"":{""x"": 249,""y"":62}}]}",lines_221
"{""point1"":[{""geometry"":{""x"": 2,""y"":70}}],""point2"":[{""geometry"":{""x"": 249,""y"":59}}]}",lines_222
"{""point1"":[{""geometry"":{""x"": 1,""y"":159}}],""point2"":[{""geometry"":{""x"": 249,""y"":141}}]}",lines_223
"{""point1"":[{""geometry"":{""x"": 1,""y"":71}}],""point2"":[{""geometry"":{""x"": 248,""y"":59}}]}",lines_224
"{""point1"":[{""geometry"":{""x"": 2,""y"":119}}],""point2"":[{""geometry"":{""x"": 250,""y"":106}}]}",lines_225
"{""point1"":[{""geometry"":{""x"": 0,""y"":59}}],""point2"":[{""geometry"":{""x"": 249,""y"":47}}]}",lines_226
"{""point1"":[{""geometry"":{""x"": 1,""y"":150}}],""point2"":[{""geometry"":{""x"": 248,""y"":139}}]}",lines_227
"{""point1"":[{""geometry"":{""x"": 1,""y"":161}}],""point2"":[{""geometry"":{""x"": 249,""y"":153}}]}",lines_228
"{""point1"":[{""geometry"":{""x"": 1,""y"":75}}],""point2"":[{""geometry"":{""x"": 250,""y"":61}}]}",lines_229
"{""point1"":[{""geometry"":{""x"": 67,""y"":250}}],""point2"":[{""geometry"":{""x"": 249,""y"":228}}]}",lines_230
"{""point1"":[{""geometry"":{""x"": 1,""y"":43}}],""point2"":[{""geometry"":{""x"": 250,""y"":34}}]}",lines_231
"{""point1"":[{""geometry"":{""x"": 0,""y"":52}}],""point2"":[{""geometry"":{""x"": 249,""y"":43}}]}",lines_232
"{""point1"":[{""geometry"":{""x"": 2,""y"":222}}],""point2"":[{""geometry"":{""x"": 249,""y"":212}}]}",lines_233
"{""point1"":[{""geometry"":{""x"": 2,""y"":78}}],""point2"":[{""geometry"":{""x"": 249,""y"":66}}]}",lines_234
"{""point1"":[{""geometry"":{""x"": 2,""y"":60}}],""point2"":[{""geometry"":{""x"": 249,""y"":47}}]}",lines_235
"{""point1"":[{""geometry"":{""x"": 1,""y"":161}}],""point2"":[{""geometry"":{""x"": 249,""y"":156}}]}",lines_236
"{""point1"":[{""geometry"":{""x"": 1,""y"":214}}],""point2"":[{""geometry"":{""x"": 249,""y"":192}}]}",lines_237
"{""point1"":[{""geometry"":{""x"": 1,""y"":87}}],""point2"":[{""geometry"":{""x"": 249,""y"":72}}]}",lines_238
"{""point1"":[{""geometry"":{""x"": 1,""y"":179}}],""point2"":[{""geometry"":{""x"": 249,""y"":168}}]}",lines_239
"{""point1"":[{""geometry"":{""x"": 2,""y"":217}}],""point2"":[{""geometry"":{""x"": 248,""y"":200}}]}",lines_240
"{""point1"":[{""geometry"":{""x"": 1,""y"":198}}],""point2"":[{""geometry"":{""x"": 250,""y"":186}}]}",lines_241
"{""point1"":[{""geometry"":{""x"": 0,""y"":112}}],""point2"":[{""geometry"":{""x"": 250,""y"":99}}]}",lines_242
"{""point1"":[{""geometry"":{""x"": 2,""y"":56}}],""point2"":[{""geometry"":{""x"": 250,""y"":44}}]}",lines_243
"{""point1"":[{""geometry"":{""x"": 1,""y"":61}}],""point2"":[{""geometry"":{""x"": 249,""y"":52}}]}",lines_244
"{""point1"":[{""geometry"":{""x"": 0,""y"":115}}],""point2"":[{""geometry"":{""x"": 250,""y"":103}}]}",lines_245
"{""point1"":[{""geometry"":{""x"": 1,""y"":112}}],""point2"":[{""geometry"":{""x"": 249,""y"":105}}]}",lines_246
"{""point1"":[{""geometry"":{""x"": 2,""y"":59}}],""point2"":[{""geometry"":{""x"": 249,""y"":54}}]}",lines_247
"{""point1"":[{""geometry"":{""x"": 1,""y"":213}}],""point2"":[{""geometry"":{""x"": 249,""y"":204}}]}",lines_248
"{""point1"":[{""geometry"":{""x"": 1,""y"":198}}],""point2"":[{""geometry"":{""x"": 250,""y"":189}}]}",lines_249
"{""point1"":[{""geometry"":{""x"": 0,""y"":56}}],""point2"":[{""geometry"":{""x"": 249,""y"":52}}]}",lines_250
"{""point1"":[{""geometry"":{""x"": 1,""y"":52}}],""point2"":[{""geometry"":{""x"": 249,""y"":39}}]}",lines_251
"{""point1"":[{""geometry"":{""x"": 1,""y"":138}}],""point2"":[{""geometry"":{""x"": 250,""y"":132}}]}",lines_252
"{""point1"":[{""geometry"":{""x"": 250,""y"":93}}],""point2"":[{""geometry"":{""x"": 205,""y"":0}}]}",lines_254
"{""point1"":[{""geometry"":{""x"": 34,""y"":0}}],""point2"":[{""geometry"":{""x"": 143,""y"":250}}]}",lines_255
"{""point1"":[{""geometry"":{""x"": 132,""y"":249}}],""point2"":[{""geometry"":{""x"": 13,""y"":2}}]}",lines_256
"{""point1"":[{""geometry"":{""x"": 181,""y"":2}}],""point2"":[{""geometry"":{""x"": 249,""y"":147}}]}",lines_257
"{""point1"":[{""geometry"":{""x"": 204,""y"":2}}],""point2"":[{""geometry"":{""x"": 249,""y"":95}}]}",lines_258
"{""point1"":[{""geometry"":{""x"": 248,""y"":151}}],""point2"":[{""geometry"":{""x"": 178,""y"":2}}]}",lines_259
"{""point1"":[{""geometry"":{""x"": 250,""y"":104}}],""point2"":[{""geometry"":{""x"": 200,""y"":2}}]}",lines_260
"{""point1"":[{""geometry"":{""x"": 250,""y"":141}}],""point2"":[{""geometry"":{""x"": 185,""y"":2}}]}",lines_261
"{""point1"":[{""geometry"":{""x"": 249,""y"":160}}],""point2"":[{""geometry"":{""x"": 175,""y"":2}}]}",lines_262
"{""point1"":[{""geometry"":{""x"": 200,""y"":250}}],""point2"":[{""geometry"":{""x"": 85,""y"":2}}]}",lines_263
"{""point1"":[{""geometry"":{""x"": 249,""y"":115}}],""point2"":[{""geometry"":{""x"": 196,""y"":1}}]}",lines_264
"{""point1"":[{""geometry"":{""x"": 137,""y"":0}}],""point2"":[{""geometry"":{""x"": 250,""y"":237}}]}",lines_265
"{""point1"":[{""geometry"":{""x"": 168,""y"":250}}],""point2"":[{""geometry"":{""x"": 55,""y"":1}}]}",lines_266
"{""point1"":[{""geometry"":{""x"": 250,""y"":241}}],""point2"":[{""geometry"":{""x"": 138,""y"":0}}]}",lines_267
"{""point1"":[{""geometry"":{""x"": 202,""y"":1}}],""point2"":[{""geometry"":{""x"": 250,""y"":104}}]}",lines_268
"{""point1"":[{""geometry"":{""x"": 239,""y"":1}}],""point2"":[{""geometry"":{""x"": 250,""y"":22}}]}",lines_271
"{""point1"":[{""geometry"":{""x"": 249,""y"":91}}],""point2"":[{""geometry"":{""x"": 206,""y"":1}}]}",lines_272
"{""point1"":[{""geometry"":{""x"": 66,""y"":1}}],""point2"":[{""geometry"":{""x"": 183,""y"":250}}]}",lines_273
"{""point1"":[{""geometry"":{""x"": 159,""y"":1}}],""point2"":[{""geometry"":{""x"": 250,""y"":188}}]}",lines_274
"{""point1"":[{""geometry"":{""x"": 248,""y"":205}}],""point2"":[{""geometry"":{""x"": 150,""y"":3}}]}",lines_275
"{""point1"":[{""geometry"":{""x"": 240,""y"":1}}],""point2"":[{""geometry"":{""x"": 249,""y"":19}}]}",lines_276
"{""point1"":[{""geometry"":{""x"": 236,""y"":1}}],""point2"":[{""geometry"":{""x"": 249,""y"":30}}]}",lines_277
"{""point1"":[{""geometry"":{""x"": 239,""y"":249}}],""point2"":[{""geometry"":{""x"": 125,""y"":2}}]}",lines_278
"{""point1"":[{""geometry"":{""x"": 108,""y"":1}}],""point2"":[{""geometry"":{""x"": 217,""y"":250}}]}",lines_279
"{""point1"":[{""geometry"":{""x"": 158,""y"":250}}],""point2"":[{""geometry"":{""x"": 37,""y"":2}}]}",lines_280
"{""point1"":[{""geometry"":{""x"": 14,""y"":0}}],""point2"":[{""geometry"":{""x"": 129,""y"":249}}]}",lines_281
"{""point1"":[{""geometry"":{""x"": 249,""y"":138}}],""point2"":[{""geometry"":{""x"": 187,""y"":0}}]}",lines_282
"{""point1"":[{""geometry"":{""x"": 19,""y"":1}}],""point2"":[{""geometry"":{""x"": 136,""y"":249}}]}",lines_283
"{""point1"":[{""geometry"":{""x"": 250,""y"":137}}],""point2"":[{""geometry"":{""x"": 184,""y"":2}}]}",lines_284
"{""point1"":[{""geometry"":{""x"": 210,""y"":249}}],""point2"":[{""geometry"":{""x"": 96,""y"":2}}]}",lines_285
"{""point1"":[{""geometry"":{""x"": 250,""y"":71}}],""point2"":[{""geometry"":{""x"": 218,""y"":1}}]}",lines_286
"{""point1"":[{""geometry"":{""x"": 131,""y"":2}}],""point2"":[{""geometry"":{""x"": 247,""y"":249}}]}",lines_288
"{""point1"":[{""geometry"":{""x"": 1,""y"":49}}],""point2"":[{""geometry"":{""x"": 91,""y"":249}}]}",lines_289
"{""point1"":[{""geometry"":{""x"": 249,""y"":83}}],""point2"":[{""geometry"":{""x"": 214,""y"":2}}]}",lines_290
"{""point1"":[{""geometry"":{""x"": 250,""y"":182}}],""point2"":[{""geometry"":{""x"": 169,""y"":2}}]}",lines_291
"{""point1"":[{""geometry"":{""x"": 94,""y"":2}}],""point2"":[{""geometry"":{""x"": 212,""y"":248}}]}",lines_292
"{""point1"":[{""geometry"":{""x"": 163,""y"":249}}],""point2"":[{""geometry"":{""x"": 47,""y"":2}}]}",lines_293
"{""point1"":[{""geometry"":{""x"": 133,""y"":249}}],""point2"":[{""geometry"":{""x"": 19,""y"":2}}]}",lines_294
"{""point1"":[{""geometry"":{""x"": 111,""y"":0}}],""point2"":[{""geometry"":{""x"": 224,""y"":250}}]}",lines_295
"{""point1"":[{""geometry"":{""x"": 201,""y"":249}}],""point2"":[{""geometry"":{""x"": 93,""y"":2}}]}",lines_296
"{""point1"":[{""geometry"":{""x"": 250,""y"":173}}],""point2"":[{""geometry"":{""x"": 169,""y"":2}}]}",lines_297
"{""point1"":[{""geometry"":{""x"": 250,""y"":113}}],""point2"":[{""geometry"":{""x"": 202,""y"":2}}]}",lines_298
"{""point1"":[{""geometry"":{""x"": 148,""y"":1}}],""point2"":[{""geometry"":{""x"": 250,""y"":213}}]}",lines_299
"{""point1"":[{""geometry"":{""x"": 208,""y"":1}}],""point2"":[{""geometry"":{""x"": 250,""y"":86}}]}",lines_300
"{""point1"":[{""geometry"":{""x"": 131,""y"":1}}],""point2"":[{""geometry"":{""x"": 246,""y"":249}}]}",lines_301
"{""point1"":[{""geometry"":{""x"": 249,""y"":153}}],""point2"":[{""geometry"":{""x"": 181,""y"":2}}]}",lines_302
"{""point1"":[{""geometry"":{""x"": 120,""y"":0}}],""point2"":[{""geometry"":{""x"": 237,""y"":250}}]}",lines_303
"{""point1"":[{""geometry"":{""x"": 202,""y"":2}}],""point2"":[{""geometry"":{""x"": 249,""y"":105}}]}",lines_304
"{""point1"":[{""geometry"":{""x"": 130,""y"":249}}],""point2"":[{""geometry"":{""x"": 19,""y"":1}}]}",lines_305
"{""point1"":[{""geometry"":{""x"": 239,""y"":248}}],""point2"":[{""geometry"":{""x"": 120,""y"":1}}]}",lines_306
"{""point1"":[{""geometry"":{""x"": 218,""y"":1}}],""point2"":[{""geometry"":{""x"": 250,""y"":69}}]}",lines_307
"{""point1"":[{""geometry"":{""x"": 124,""y"":1}}],""point2"":[{""geometry"":{""x"": 246,""y"":249}}]}",lines_308
"{""point1"":[{""geometry"":{""x"": 249,""y"":87}}],""point2"":[{""geometry"":{""x"": 209,""y"":3}}]}",lines_309
"{""point1"":[{""geometry"":{""x"": 208,""y"":247}}],""point2"":[{""geometry"":{""x"": 110,""y"":1}}]}",lines_310
"{""point1"":[{""geometry"":{""x"": 250,""y"":236}}],""point2"":[{""geometry"":{""x"": 139,""y"":1}}]}",lines_311
"{""point1"":[{""geometry"":{""x"": 194,""y"":249}}],""point2"":[{""geometry"":{""x"": 77,""y"":1}}]}",lines_312
"{""point1"":[{""geometry"":{""x"": 155,""y"":1}}],""point2"":[{""geometry"":{""x"": 250,""y"":205}}]}",lines_313
"{""point1"":[{""geometry"":{""x"": 163,""y"":1}}],""point2"":[{""geometry"":{""x"": 250,""y"":188}}]}",lines_314
"{""point1"":[{""geometry"":{""x"": 249,""y"":197}}],""point2"":[{""geometry"":{""x"": 155,""y"":1}}]}",lines_315
"{""point1"":[{""geometry"":{""x"": 88,""y"":1}}],""point2"":[{""geometry"":{""x"": 206,""y"":250}}]}",lines_316
"{""point1"":[{""geometry"":{""x"": 249,""y"":239}}],""point2"":[{""geometry"":{""x"": 136,""y"":2}}]}",lines_317
"{""point1"":[{""geometry"":{""x"": 165,""y"":1}}],""point2"":[{""geometry"":{""x"": 250,""y"":182}}]}",lines_318
"{""point1"":[{""geometry"":{""x"": 150,""y"":1}}],""point2"":[{""geometry"":{""x"": 250,""y"":219}}]}",lines_319
"{""point1"":[{""geometry"":{""x"": 249,""y"":163}}],""point2"":[{""geometry"":{""x"": 173,""y"":2}}]}",lines_320
"{""point1"":[{""geometry"":{""x"": 249,""y"":200}}],""point2"":[{""geometry"":{""x"": 162,""y"":2}}]}",lines_321
"{""point1"":[{""geometry"":{""x"": 244,""y"":249}}],""point2"":[{""geometry"":{""x"": 131,""y"":1}}]}",lines_322
"{""point1"":[{""geometry"":{""x"": 249,""y"":126}}],""point2"":[{""geometry"":{""x"": 191,""y"":0}}]}",lines_323
"{""point1"":[{""geometry"":{""x"": 106,""y"":2}}],""point2"":[{""geometry"":{""x"": 223,""y"":248}}]}",lines_324
"{""point1"":[{""geometry"":{""x"": 248,""y"":124}}],""point2"":[{""geometry"":{""x"": 194,""y"":3}}]}",lines_325
"{""point1"":[{""geometry"":{""x"": 211,""y"":249}}],""point2"":[{""geometry"":{""x"": 93,""y"":1}}]}",lines_326
"{""point1"":[{""geometry"":{""x"": 168,""y"":1}}],""point2"":[{""geometry"":{""x"": 250,""y"":167}}]}",lines_327
"{""point1"":[{""geometry"":{""x"": 249,""y"":100}}],""point2"":[{""geometry"":{""x"": 203,""y"":1}}]}",lines_328
"{""point1"":[{""geometry"":{""x"": 115,""y"":249}}],""point2"":[{""geometry"":{""x"": 2,""y"":8}}]}",lines_329
"{""point1"":[{""geometry"":{""x"": 137,""y"":249}}],""point2"":[{""geometry"":{""x"": 19,""y"":2}}]}",lines_330
"{""point1"":[{""geometry"":{""x"": 198,""y"":0}}],""point2"":[{""geometry"":{""x"": 250,""y"":106}}]}",lines_331
"{""point1"":[{""geometry"":{""x"": 211,""y"":1}}],""point2"":[{""geometry"":{""x"": 250,""y"":96}}]}",lines_332
"{""point1"":[{""geometry"":{""x"": 193,""y"":248}}],""point2"":[{""geometry"":{""x"": 79,""y"":1}}]}",lines_333
"{""point1"":[{""geometry"":{""x"": 250,""y"":131}}],""point2"":[{""geometry"":{""x"": 193,""y"":2}}]}",lines_334
"{""point1"":[{""geometry"":{""x"": 87,""y"":1}}],""point2"":[{""geometry"":{""x"": 203,""y"":249}}]}",lines_335
"{""point1"":[{""geometry"":{""x"": 249,""y"":76}}],""point2"":[{""geometry"":{""x"": 207,""y"":1}}]}",lines_336
"{""point1"":[{""geometry"":{""x"": 199,""y"":249}}],""point2"":[{""geometry"":{""x"": 82,""y"":2}}]}",lines_337
"{""point1"":[{""geometry"":{""x"": 58,""y"":1}}],""point2"":[{""geometry"":{""x"": 176,""y"":250}}]}",lines_338
"{""point1"":[{""geometry"":{""x"": 250,""y"":172}}],""point2"":[{""geometry"":{""x"": 169,""y"":1}}]}",lines_339
"{""point1"":[{""geometry"":{""x"": 116,""y"":1}}],""point2"":[{""geometry"":{""x"": 234,""y"":248}}]}",lines_340
"{""point1"":[{""geometry"":{""x"": 52,""y"":1}}],""point2"":[{""geometry"":{""x"": 166,""y"":249}}]}",lines_341
"{""point1"":[{""geometry"":{""x"": 194,""y"":2}}],""point2"":[{""geometry"":{""x"": 249,""y"":115}}]}",lines_342
"{""point1"":[{""geometry"":{""x"": 151,""y"":249}}],""point2"":[{""geometry"":{""x"": 39,""y"":2}}]}",lines_343
"{""point1"":[{""geometry"":{""x"": 88,""y"":1}}],""point2"":[{""geometry"":{""x"": 207,""y"":250}}]}",lines_344
"{""point1"":[{""geometry"":{""x"": 249,""y"":232}}],""point2"":[{""geometry"":{""x"": 141,""y"":3}}]}",lines_345
"{""point1"":[{""geometry"":{""x"": 107,""y"":1}}],""point2"":[{""geometry"":{""x"": 222,""y"":249}}]}",lines_346
"{""point1"":[{""geometry"":{""x"": 150,""y"":2}}],""point2"":[{""geometry"":{""x"": 250,""y"":213}}]}",lines_347
"{""point1"":[{""geometry"":{""x"": 249,""y"":195}}],""point2"":[{""geometry"":{""x"": 157,""y"":2}}]}",lines_348
"{""point1"":[{""geometry"":{""x"": 23,""y"":249}}],""point2"":[{""geometry"":{""x"": 120,""y"":1}}]}",lines_349
"{""point1"":[{""geometry"":{""x"": 1,""y"":134}}],""point2"":[{""geometry"":{""x"": 53,""y"":1}}]}",lines_350
"{""point1"":[{""geometry"":{""x"": 46,""y"":250}}],""point2"":[{""geometry"":{""x"": 143,""y"":4}}]}",lines_351
"{""point1"":[{""geometry"":{""x"": 50,""y"":250}}],""point2"":[{""geometry"":{""x"": 147,""y"":2}}]}",lines_352
"{""point1"":[{""geometry"":{""x"": 70,""y"":249}}],""point2"":[{""geometry"":{""x"": 170,""y"":2}}]}",lines_353
"{""point1"":[{""geometry"":{""x"": 39,""y"":250}}],""point2"":[{""geometry"":{""x"": 138,""y"":2}}]}",lines_354
"{""point1"":[{""geometry"":{""x"": 161,""y"":248}}],""point2"":[{""geometry"":{""x"": 250,""y"":27}}]}",lines_355
"{""point1"":[{""geometry"":{""x"": 11,""y"":249}}],""point2"":[{""geometry"":{""x"": 109,""y"":2}}]}",lines_356
"{""point1"":[{""geometry"":{""x"": 213,""y"":248}}],""point2"":[{""geometry"":{""x"": 250,""y"":157}}]}",lines_357
"{""point1"":[{""geometry"":{""x"": 60,""y"":248}}],""point2"":[{""geometry"":{""x"": 155,""y"":3}}]}",lines_358
"{""point1"":[{""geometry"":{""x"": 75,""y"":249}}],""point2"":[{""geometry"":{""x"": 174,""y"":2}}]}",lines_359
"{""point1"":[{""geometry"":{""x"": 1,""y"":189}}],""point2"":[{""geometry"":{""x"": 74,""y"":3}}]}",lines_360
"{""point1"":[{""geometry"":{""x"": 29,""y"":249}}],""point2"":[{""geometry"":{""x"": 130,""y"":2}}]}",lines_361
"{""point1"":[{""geometry"":{""x"": 3,""y"":250}}],""point2"":[{""geometry"":{""x"": 101,""y"":1}}]}",lines_362
"{""point1"":[{""geometry"":{""x"": 141,""y"":249}}],""point2"":[{""geometry"":{""x"": 241,""y"":1}}]}",lines_363
"{""point1"":[{""geometry"":{""x"": 120,""y"":249}}],""point2"":[{""geometry"":{""x"": 219,""y"":1}}]}",lines_364
"{""point1"":[{""geometry"":{""x"": 1,""y"":207}}],""point2"":[{""geometry"":{""x"": 86,""y"":2}}]}",lines_365
"{""point1"":[{""geometry"":{""x"": 53,""y"":249}}],""point2"":[{""geometry"":{""x"": 147,""y"":1}}]}",lines_366
"{""point1"":[{""geometry"":{""x"": 97,""y"":249}}],""point2"":[{""geometry"":{""x"": 195,""y"":2}}]}",lines_367
"{""point1"":[{""geometry"":{""x"": 181,""y"":250}}],""point2"":[{""geometry"":{""x"": 249,""y"":78}}]}",lines_368
"{""point1"":[{""geometry"":{""x"": 98,""y"":249}}],""point2"":[{""geometry"":{""x"": 197,""y"":0}}]}",lines_369
"{""point1"":[{""geometry"":{""x"": 185,""y"":249}}],""point2"":[{""geometry"":{""x"": 249,""y"":89}}]}",lines_370
"{""point1"":[{""geometry"":{""x"": 162,""y"":249}}],""point2"":[{""geometry"":{""x"": 249,""y"":30}}]}",lines_371
"{""point1"":[{""geometry"":{""x"": 151,""y"":249}}],""point2"":[{""geometry"":{""x"": 248,""y"":4}}]}",lines_372
"{""point1"":[{""geometry"":{""x"": 81,""y"":249}}],""point2"":[{""geometry"":{""x"": 178,""y"":1}}]}",lines_373
"{""point1"":[{""geometry"":{""x"": 138,""y"":250}}],""point2"":[{""geometry"":{""x"": 235,""y"":1}}]}",lines_374
"{""point1"":[{""geometry"":{""x"": 91,""y"":249}}],""point2"":[{""geometry"":{""x"": 191,""y"":1}}]}",lines_375
"{""point1"":[{""geometry"":{""x"": 160,""y"":249}}],""point2"":[{""geometry"":{""x"": 250,""y"":23}}]}",lines_376
"{""point1"":[{""geometry"":{""x"": 54,""y"":249}}],""point2"":[{""geometry"":{""x"": 154,""y"":2}}]}",lines_377
"{""point1"":[{""geometry"":{""x"": 107,""y"":250}}],""point2"":[{""geometry"":{""x"": 206,""y"":1}}]}",lines_378
"{""point1"":[{""geometry"":{""x"": 107,""y"":249}}],""point2"":[{""geometry"":{""x"": 201,""y"":1}}]}",lines_379
"{""point1"":[{""geometry"":{""x"": 108,""y"":250}}],""point2"":[{""geometry"":{""x"": 206,""y"":2}}]}",lines_380
"{""point1"":[{""geometry"":{""x"": 1,""y"":141}}],""point2"":[{""geometry"":{""x"": 55,""y"":2}}]}",lines_381
"{""point1"":[{""geometry"":{""x"": 84,""y"":248}}],""point2"":[{""geometry"":{""x"": 183,""y"":2}}]}",lines_382
"{""point1"":[{""geometry"":{""x"": 26,""y"":250}}],""point2"":[{""geometry"":{""x"": 126,""y"":2}}]}",lines_383
"{""point1"":[{""geometry"":{""x"": 160,""y"":248}}],""point2"":[{""geometry"":{""x"": 249,""y"":25}}]}",lines_384
"{""point1"":[{""geometry"":{""x"": 51,""y"":250}}],""point2"":[{""geometry"":{""x"": 147,""y"":1}}]}",lines_385
"{""point1"":[{""geometry"":{""x"": 127,""y"":249}}],""point2"":[{""geometry"":{""x"": 227,""y"":2}}]}",lines_386
"{""point1"":[{""geometry"":{""x"": 159,""y"":249}}],""point2"":[{""geometry"":{""x"": 249,""y"":26}}]}",lines_387
"{""point1"":[{""geometry"":{""x"": 206,""y"":249}}],""point2"":[{""geometry"":{""x"": 249,""y"":140}}]}",lines_388
"{""point1"":[{""geometry"":{""x"": 132,""y"":248}}],""point2"":[{""geometry"":{""x"": 231,""y"":0}}]}",lines_389
"{""point1"":[{""geometry"":{""x"": 63,""y"":250}}],""point2"":[{""geometry"":{""x"": 165,""y"":2}}]}",lines_390
"{""point1"":[{""geometry"":{""x"": 173,""y"":249}}],""point2"":[{""geometry"":{""x"": 249,""y"":59}}]}",lines_391
"{""point1"":[{""geometry"":{""x"": 129,""y"":250}}],""point2"":[{""geometry"":{""x"": 229,""y"":1}}]}",lines_392
"{""point1"":[{""geometry"":{""x"": 50,""y"":249}}],""point2"":[{""geometry"":{""x"": 148,""y"":2}}]}",lines_393
"{""point1"":[{""geometry"":{""x"": 109,""y"":249}}],""point2"":[{""geometry"":{""x"": 205,""y"":2}}]}",lines_394
"{""point1"":[{""geometry"":{""x"": 1,""y"":227}}],""point2"":[{""geometry"":{""x"": 90,""y"":2}}]}",lines_396
"{""point1"":[{""geometry"":{""x"": 103,""y"":249}}],""point2"":[{""geometry"":{""x"": 202,""y"":3}}]}",lines_397
"{""point1"":[{""geometry"":{""x"": 43,""y"":249}}],""point2"":[{""geometry"":{""x"": 142,""y"":0}}]}",lines_398
"{""point1"":[{""geometry"":{""x"": 26,""y"":249}}],""point2"":[{""geometry"":{""x"": 124,""y"":2}}]}",lines_399
"{""point1"":[{""geometry"":{""x"": 232,""y"":249}}],""point2"":[{""geometry"":{""x"": 250,""y"":205}}]}",lines_400
"{""point1"":[{""geometry"":{""x"": 0,""y"":130}}],""point2"":[{""geometry"":{""x"": 53,""y"":0}}]}",lines_401
"{""point1"":[{""geometry"":{""x"": 36,""y"":250}}],""point2"":[{""geometry"":{""x"": 136,""y"":1}}]}",lines_402
"{""point1"":[{""geometry"":{""x"": 58,""y"":249}}],""point2"":[{""geometry"":{""x"": 153,""y"":1}}]}",lines_403
"{""point1"":[{""geometry"":{""x"": 222,""y"":249}}],""point2"":[{""geometry"":{""x"": 249,""y"":181}}]}",lines_404
"{""point1"":[{""geometry"":{""x"": 0,""y"":92}}],""point2"":[{""geometry"":{""x"": 38,""y"":1}}]}",lines_405
"{""point1"":[{""geometry"":{""x"": 73,""y"":249}}],""point2"":[{""geometry"":{""x"": 173,""y"":1}}]}",lines_406
"{""point1"":[{""geometry"":{""x"": 203,""y"":248}}],""point2"":[{""geometry"":{""x"": 249,""y"":130}}]}",lines_407
"{""point1"":[{""geometry"":{""x"": 69,""y"":248}}],""point2"":[{""geometry"":{""x"": 167,""y"":1}}]}",lines_408
"{""point1"":[{""geometry"":{""x"": 192,""y"":249}}],""point2"":[{""geometry"":{""x"": 249,""y"":102}}]}",lines_409
"{""point1"":[{""geometry"":{""x"": 201,""y"":249}}],""point2"":[{""geometry"":{""x"": 250,""y"":125}}]}",lines_410
"{""point1"":[{""geometry"":{""x"": 1,""y"":163}}],""point2"":[{""geometry"":{""x"": 66,""y"":1}}]}",lines_411
"{""point1"":[{""geometry"":{""x"": 166,""y"":250}}],""point2"":[{""geometry"":{""x"": 249,""y"":40}}]}",lines_412
"{""point1"":[{""geometry"":{""x"": 189,""y"":250}}],""point2"":[{""geometry"":{""x"": 250,""y"":95}}]}",lines_413
"{""point1"":[{""geometry"":{""x"": 147,""y"":249}}],""point2"":[{""geometry"":{""x"": 247,""y"":1}}]}",lines_414
"{""point1"":[{""geometry"":{""x"": 174,""y"":250}}],""point2"":[{""geometry"":{""x"": 248,""y"":52}}]}",lines_415
"{""point1"":[{""geometry"":{""x"": 91,""y"":2}}],""point2"":[{""geometry"":{""x"": 2,""y"":227}}]}",lines_416
"{""point1"":[{""geometry"":{""x"": 7,""y"":249}}],""point2"":[{""geometry"":{""x"": 106,""y"":3}}]}",lines_417
"{""point1"":[{""geometry"":{""x"": 146,""y"":249}}],""point2"":[{""geometry"":{""x"": 245,""y"":2}}]}",lines_418
"{""point1"":[{""geometry"":{""x"": 182,""y"":249}}],""point2"":[{""geometry"":{""x"": 249,""y"":79}}]}",lines_419
"{""point1"":[{""geometry"":{""x"": 128,""y"":250}}],""point2"":[{""geometry"":{""x"": 232,""y"":2}}]}",lines_420
"{""point1"":[{""geometry"":{""x"": 174,""y"":248}}],""point2"":[{""geometry"":{""x"": 250,""y"":58}}]}",lines_421
"{""point1"":[{""geometry"":{""x"": 124,""y"":248}}],""point2"":[{""geometry"":{""x"": 222,""y"":2}}]}",lines_422
"{""point1"":[{""geometry"":{""x"": 0,""y"":165}}],""point2"":[{""geometry"":{""x"": 66,""y"":0}}]}",lines_423
"{""point1"":[{""geometry"":{""x"": 52,""y"":250}}],""point2"":[{""geometry"":{""x"": 153,""y"":1}}]}",lines_424
"{""point1"":[{""geometry"":{""x"": 55,""y"":249}}],""point2"":[{""geometry"":{""x"": 152,""y"":1}}]}",lines_425
"{""point1"":[{""geometry"":{""x"": 21,""y"":248}}],""point2"":[{""geometry"":{""x"": 119,""y"":2}}]}",lines_426
"{""point1"":[{""geometry"":{""x"": 188,""y"":250}}],""point2"":[{""geometry"":{""x"": 249,""y"":92}}]}",lines_427
"{""point1"":[{""geometry"":{""x"": 49,""y"":249}}],""point2"":[{""geometry"":{""x"": 150,""y"":1}}]}",lines_428
"{""point1"":[{""geometry"":{""x"": 218,""y"":250}}],""point2"":[{""geometry"":{""x"": 250,""y"":173}}]}",lines_429
"{""point1"":[{""geometry"":{""x"": 68,""y"":249}}],""point2"":[{""geometry"":{""x"": 166,""y"":2}}]}",lines_430
"{""point1"":[{""geometry"":{""x"": 70,""y"":249}}],""point2"":[{""geometry"":{""x"": 170,""y"":1}}]}",lines_431
"{""point1"":[{""geometry"":{""x"": 137,""y"":249}}],""point2"":[{""geometry"":{""x"": 235,""y"":2}}]}",lines_432
"{""point1"":[{""geometry"":{""x"": 51,""y"":249}}],""point2"":[{""geometry"":{""x"": 150,""y"":1}}]}",lines_433
"{""point1"":[{""geometry"":{""x"": 38,""y"":249}}],""point2"":[{""geometry"":{""x"": 137,""y"":1}}]}",lines_434
"{""point1"":[{""geometry"":{""x"": 68,""y"":249}}],""point2"":[{""geometry"":{""x"": 168,""y"":1}}]}",lines_435
"{""point1"":[{""geometry"":{""x"": 126,""y"":248}}],""point2"":[{""geometry"":{""x"": 221,""y"":1}}]}",lines_436
"{""point1"":[{""geometry"":{""x"": 217,""y"":249}}],""point2"":[{""geometry"":{""x"": 249,""y"":158}}]}",lines_437
"{""point1"":[{""geometry"":{""x"": 22,""y"":249}}],""point2"":[{""geometry"":{""x"": 120,""y"":1}}]}",lines_438
"{""point1"":[{""geometry"":{""x"": 46,""y"":249}}],""point2"":[{""geometry"":{""x"": 144,""y"":1}}]}",lines_439
"{""point1"":[{""geometry"":{""x"": 104,""y"":249}}],""point2"":[{""geometry"":{""x"": 202,""y"":1}}]}",lines_440
"{""point1"":[{""geometry"":{""x"": 81,""y"":249}}],""point2"":[{""geometry"":{""x"": 179,""y"":2}}]}",lines_441
"{""point1"":[{""geometry"":{""x"": 0,""y"":133}}],""point2"":[{""geometry"":{""x"": 52,""y"":1}}]}",lines_442
"{""point1"":[{""geometry"":{""x"": 11,""y"":250}}],""point2"":[{""geometry"":{""x"": 112,""y"":2}}]}",lines_443
"{""point1"":[{""geometry"":{""x"": 199,""y"":249}}],""point2"":[{""geometry"":{""x"": 250,""y"":89}}]}",lines_444
"{""point1"":[{""geometry"":{""x"": 89,""y"":250}}],""point2"":[{""geometry"":{""x"": 185,""y"":4}}]}",lines_445
"{""point1"":[{""geometry"":{""x"": 171,""y"":250}}],""point2"":[{""geometry"":{""x"": 248,""y"":33}}]}",lines_446
"{""point1"":[{""geometry"":{""x"": 0,""y"":195}}],""point2"":[{""geometry"":{""x"": 76,""y"":1}}]}",lines_447
"{""point1"":[{""geometry"":{""x"": 16,""y"":249}}],""point2"":[{""geometry"":{""x"": 110,""y"":1}}]}",lines_448
"{""point1"":[{""geometry"":{""x"": 2,""y"":212}}],""point2"":[{""geometry"":{""x"": 248,""y"":196}}]}",lines_450
"{""point1"":[{""geometry"":{""x"": 1,""y"":249}}],""point2"":[{""geometry"":{""x"": 249,""y"":234}}]}",lines_451
"{""point1"":[{""geometry"":{""x"": 1,""y"":172}}],""point2"":[{""geometry"":{""x"": 249,""y"":159}}]}",lines_452
"{""point1"":[{""geometry"":{""x"": 1,""y"":211}}],""point2"":[{""geometry"":{""x"": 249,""y"":200}}]}",lines_453
"{""point1"":[{""geometry"":{""x"": 1,""y"":170}}],""point2"":[{""geometry"":{""x"": 250,""y"":159}}]}",lines_454
"{""point1"":[{""geometry"":{""x"": 2,""y"":158}}],""point2"":[{""geometry"":{""x"": 250,""y"":144}}]}",lines_455
"{""point1"":[{""geometry"":{""x"": 2,""y"":52}}],""point2"":[{""geometry"":{""x"": 249,""y"":39}}]}",lines_456
"{""point1"":[{""geometry"":{""x"": 0,""y"":38}}],""point2"":[{""geometry"":{""x"": 249,""y"":28}}]}",lines_457
"{""point1"":[{""geometry"":{""x"": 0,""y"":45}}],""point2"":[{""geometry"":{""x"": 250,""y"":34}}]}",lines_458
"{""point1"":[{""geometry"":{""x"": 1,""y"":162}}],""point2"":[{""geometry"":{""x"": 249,""y"":154}}]}",lines_459
"{""point1"":[{""geometry"":{""x"": 2,""y"":28}}],""point2"":[{""geometry"":{""x"": 249,""y"":17}}]}",lines_460
"{""point1"":[{""geometry"":{""x"": 1,""y"":143}}],""point2"":[{""geometry"":{""x"": 250,""y"":131}}]}",lines_462
"{""point1"":[{""geometry"":{""x"": 0,""y"":117}}],""point2"":[{""geometry"":{""x"": 249,""y"":106}}]}",lines_463
"{""point1"":[{""geometry"":{""x"": 2,""y"":30}}],""point2"":[{""geometry"":{""x"": 250,""y"":19}}]}",lines_464
"{""point1"":[{""geometry"":{""x"": 0,""y"":185}}],""point2"":[{""geometry"":{""x"": 249,""y"":169}}]}",lines_465
"{""point1"":[{""geometry"":{""x"": 1,""y"":73}}],""point2"":[{""geometry"":{""x"": 248,""y"":64}}]}",lines_467
"{""point1"":[{""geometry"":{""x"": 1,""y"":215}}],""point2"":[{""geometry"":{""x"": 249,""y"":204}}]}",lines_468
"{""point1"":[{""geometry"":{""x"": 1,""y"":185}}],""point2"":[{""geometry"":{""x"": 250,""y"":175}}]}",lines_470
"{""point1"":[{""geometry"":{""x"": 1,""y"":105}}],""point2"":[{""geometry"":{""x"": 250,""y"":98}}]}",lines_471
"{""point1"":[{""geometry"":{""x"": 0,""y"":33}}],""point2"":[{""geometry"":{""x"": 249,""y"":24}}]}",lines_472
"{""point1"":[{""geometry"":{""x"": 2,""y"":185}}],""point2"":[{""geometry"":{""x"": 249,""y"":181}}]}",lines_474
"{""point1"":[{""geometry"":{""x"": 0,""y"":191}}],""point2"":[{""geometry"":{""x"": 249,""y"":182}}]}",lines_475
"{""point1"":[{""geometry"":{""x"": 1,""y"":147}}],""point2"":[{""geometry"":{""x"": 249,""y"":138}}]}",lines_476
"{""point1"":[{""geometry"":{""x"": 0,""y"":5}}],""point2"":[{""geometry"":{""x"": 123,""y"":2}}]}",lines_477
"{""point1"":[{""geometry"":{""x"": 0,""y"":44}}],""point2"":[{""geometry"":{""x"": 250,""y"":35}}]}",lines_478
"{""point1"":[{""geometry"":{""x"": 1,""y"":221}}],""point2"":[{""geometry"":{""x"": 250,""y"":216}}]}",lines_479
"{""point1"":[{""geometry"":{""x"": 1,""y"":57}}],""point2"":[{""geometry"":{""x"": 249,""y"":47}}]}",lines_480
"{""point1"":[{""geometry"":{""x"": 2,""y"":137}}],""point2"":[{""geometry"":{""x"": 248,""y"":125}}]}",lines_481
"{""point1"":[{""geometry"":{""x"": 1,""y"":221}}],""point2"":[{""geometry"":{""x"": 249,""y"":214}}]}",lines_482
"{""point1"":[{""geometry"":{""x"": 0,""y"":105}}],""point2"":[{""geometry"":{""x"": 250,""y"":91}}]}",lines_483
"{""point1"":[{""geometry"":{""x"": 1,""y"":148}}],""point2"":[{""geometry"":{""x"": 249,""y"":136}}]}",lines_484
"{""point1"":[{""geometry"":{""x"": 1,""y"":195}}],""point2"":[{""geometry"":{""x"": 249,""y"":186}}]}",lines_485
"{""point1"":[{""geometry"":{""x"": 1,""y"":20}}],""point2"":[{""geometry"":{""x"": 249,""y"":8}}]}",lines_486
"{""point1"":[{""geometry"":{""x"": 1,""y"":6}}],""point2"":[{""geometry"":{""x"": 152,""y"":1}}]}",lines_487
"{""point1"":[{""geometry"":{""x"": 1,""y"":65}}],""point2"":[{""geometry"":{""x"": 249,""y"":52}}]}",lines_488
"{""point1"":[{""geometry"":{""x"": 1,""y"":141}}],""point2"":[{""geometry"":{""x"": 250,""y"":126}}]}",lines_489
"{""point1"":[{""geometry"":{""x"": 1,""y"":122}}],""point2"":[{""geometry"":{""x"": 249,""y"":106}}]}",lines_490
"{""point1"":[{""geometry"":{""x"": 1,""y"":81}}],""point2"":[{""geometry"":{""x"": 249,""y"":70}}]}",lines_491
"{""point1"":[{""geometry"":{""x"": 0,""y"":89}}],""point2"":[{""geometry"":{""x"": 249,""y"":80}}]}",lines_492
"{""point1"":[{""geometry"":{""x"": 1,""y"":172}}],""point2"":[{""geometry"":{""x"": 249,""y"":161}}]}",lines_493
"{""point1"":[{""geometry"":{""x"": 1,""y"":219}}],""point2"":[{""geometry"":{""x"": 249,""y"":205}}]}",lines_494
"{""point1"":[{""geometry"":{""x"": 0,""y"":138}}],""point2"":[{""geometry"":{""x"": 249,""y"":128}}]}",lines_495
"{""point1"":[{""geometry"":{""x"": 2,""y"":213}}],""point2"":[{""geometry"":{""x"": 249,""y"":204}}]}",lines_496
"{""point1"":[{""geometry"":{""x"": 0,""y"":92}}],""point2"":[{""geometry"":{""x"": 249,""y"":78}}]}",lines_497
"{""point1"":[{""geometry"":{""x"": 2,""y"":215}}],""point2"":[{""geometry"":{""x"": 249,""y"":204}}]}",lines_498
"{""point1"":[{""geometry"":{""x"": 1,""y"":209}}],""point2"":[{""geometry"":{""x"": 249,""y"":197}}]}",lines_499
"{""point1"":[{""geometry"":{""x"": 1,""y"":49}}],""point2"":[{""geometry"":{""x"": 249,""y"":40}}]}",lines_500
"{""point1"":[{""geometry"":{""x"": 1,""y"":25}}],""point2"":[{""geometry"":{""x"": 249,""y"":14}}]}",lines_501
"{""point1"":[{""geometry"":{""x"": 1,""y"":82}}],""point2"":[{""geometry"":{""x"": 249,""y"":72}}]}",lines_502
"{""point1"":[{""geometry"":{""x"": 0,""y"":86}}],""point2"":[{""geometry"":{""x"": 249,""y"":73}}]}",lines_503
"{""point1"":[{""geometry"":{""x"": 1,""y"":238}}],""point2"":[{""geometry"":{""x"": 250,""y"":227}}]}",lines_504
"{""point1"":[{""geometry"":{""x"": 0,""y"":3}}],""point2"":[{""geometry"":{""x"": 44,""y"":2}}]}",lines_505
"{""point1"":[{""geometry"":{""x"": 1,""y"":128}}],""point2"":[{""geometry"":{""x"": 250,""y"":121}}]}",lines_506
"{""point1"":[{""geometry"":{""x"": 1,""y"":73}}],""point2"":[{""geometry"":{""x"": 249,""y"":62}}]}",lines_507
"{""point1"":[{""geometry"":{""x"": 2,""y"":223}}],""point2"":[{""geometry"":{""x"": 249,""y"":211}}]}",lines_508
"{""point1"":[{""geometry"":{""x"": 10,""y"":249}}],""point2"":[{""geometry"":{""x"": 250,""y"":241}}]}",lines_509
"{""point1"":[{""geometry"":{""x"": 1,""y"":54}}],""point2"":[{""geometry"":{""x"": 249,""y"":40}}]}",lines_510
"{""point1"":[{""geometry"":{""x"": 1,""y"":154}}],""point2"":[{""geometry"":{""x"": 249,""y"":139}}]}",lines_511
"{""point1"":[{""geometry"":{""x"": 1,""y"":66}}],""point2"":[{""geometry"":{""x"": 250,""y"":52}}]}",lines_512
"{""point1"":[{""geometry"":{""x"": 0,""y"":152}}],""point2"":[{""geometry"":{""x"": 250,""y"":143}}]}",lines_513
"{""point1"":[{""geometry"":{""x"": 0,""y"":169}}],""point2"":[{""geometry"":{""x"": 249,""y"":155}}]}",lines_514
"{""point1"":[{""geometry"":{""x"": 2,""y"":50}}],""point2"":[{""geometry"":{""x"": 249,""y"":38}}]}",lines_515
"{""point1"":[{""geometry"":{""x"": 1,""y"":85}}],""point2"":[{""geometry"":{""x"": 249,""y"":75}}]}",lines_516
"{""point1"":[{""geometry"":{""x"": 1,""y"":40}}],""point2"":[{""geometry"":{""x"": 249,""y"":28}}]}",lines_517
"{""point1"":[{""geometry"":{""x"": 1,""y"":57}}],""point2"":[{""geometry"":{""x"": 249,""y"":50}}]}",lines_518
"{""point1"":[{""geometry"":{""x"": 0,""y"":191}}],""point2"":[{""geometry"":{""x"": 249,""y"":182}}]}",lines_519
"{""point1"":[{""geometry"":{""x"": 1,""y"":242}}],""point2"":[{""geometry"":{""x"": 250,""y"":230}}]}",lines_520
"{""point1"":[{""geometry"":{""x"": 2,""y"":183}}],""point2"":[{""geometry"":{""x"": 248,""y"":174}}]}",lines_521
"{""point1"":[{""geometry"":{""x"": 1,""y"":197}}],""point2"":[{""geometry"":{""x"": 250,""y"":182}}]}",lines_522
"{""point1"":[{""geometry"":{""x"": 0,""y"":245}}],""point2"":[{""geometry"":{""x"": 249,""y"":230}}]}",lines_523
"{""point1"":[{""geometry"":{""x"": 1,""y"":85}}],""point2"":[{""geometry"":{""x"": 249,""y"":72}}]}",lines_524
"{""point1"":[{""geometry"":{""x"": 2,""y"":219}}],""point2"":[{""geometry"":{""x"": 250,""y"":211}}]}",lines_526
"{""point1"":[{""geometry"":{""x"": 1,""y"":154}}],""point2"":[{""geometry"":{""x"": 250,""y"":145}}]}",lines_527
"{""point1"":[{""geometry"":{""x"": 2,""y"":93}}],""point2"":[{""geometry"":{""x"": 248,""y"":85}}]}",lines_529